{
	"credit": "Made with Blockbench",
	"texture_size": [64, 64],
	"textures": {
		"0": "sanguine:entity/butcher/butcher",
		"particle": "sanguine:entity/butcher/butcher"
	},
	"elements": [
		{
			"name": "Skull",
			"from": [4, 3, 9],
			"to": [12, 9, 14],
			"rotation": {"angle": 22.5, "axis": "x", "origin": [8, 21, 4]},
			"faces": {
				"north": {"uv": [1.25, 1.25, 3.25, 2.75], "texture": "#0"},
				"east": {"uv": [0, 1.25, 1.25, 2.75], "texture": "#0"},
				"south": {"uv": [4.5, 1.25, 6.5, 2.75], "texture": "#0"},
				"west": {"uv": [3.25, 1.25, 4.5, 2.75], "texture": "#0"},
				"up": {"uv": [1.25, 0, 3.25, 1.25], "rotation": 180, "texture": "#0"},
				"down": {"uv": [3.25, 0, 5.25, 1.25], "texture": "#0"}
			}
		},
		{
			"name": "HornA0",
			"from": [12, 7, 9],
			"to": [15, 9, 11],
			"rotation": {"angle": 22.5, "axis": "x", "origin": [8, 21, 4]},
			"faces": {
				"north": {"uv": [5.75, 0.5, 6.5, 1], "texture": "#0"},
				"east": {"uv": [5.25, 0.5, 5.75, 1], "texture": "#0"},
				"south": {"uv": [7, 0.5, 7.75, 1], "texture": "#0"},
				"west": {"uv": [6.5, 0.5, 7, 1], "texture": "#0"},
				"up": {"uv": [5.75, 0, 6.5, 0.5], "rotation": 180, "texture": "#0"},
				"down": {"uv": [6.5, 0, 7.25, 0.5], "texture": "#0"}
			}
		},
		{
			"name": "HornB0",
			"from": [15, 7, 9],
			"to": [16, 12, 11],
			"rotation": {"angle": 22.5, "axis": "x", "origin": [8, 21, 4]},
			"faces": {
				"north": {"uv": [8.25, 0.5, 8.5, 1.75], "texture": "#0"},
				"east": {"uv": [7.75, 0.5, 8.25, 1.75], "texture": "#0"},
				"south": {"uv": [9, 0.5, 9.25, 1.75], "texture": "#0"},
				"west": {"uv": [8.5, 0.5, 9, 1.75], "texture": "#0"},
				"up": {"uv": [8.25, 0, 8.5, 0.5], "rotation": 180, "texture": "#0"},
				"down": {"uv": [8.5, 0, 8.75, 0.5], "texture": "#0"}
			}
		},
		{
			"name": "HornA1",
			"from": [0, 7, 9],
			"to": [1, 12, 11],
			"rotation": {"angle": 22.5, "axis": "x", "origin": [8, 21, 4]},
			"faces": {
				"north": {"uv": [8.5, 0.5, 8.25, 1.75], "texture": "#0"},
				"east": {"uv": [9, 0.5, 8.5, 1.75], "texture": "#0"},
				"south": {"uv": [9.25, 0.5, 9, 1.75], "texture": "#0"},
				"west": {"uv": [8.25, 0.5, 7.75, 1.75], "texture": "#0"},
				"up": {"uv": [8.5, 0, 8.25, 0.5], "rotation": 180, "texture": "#0"},
				"down": {"uv": [8.75, 0, 8.5, 0.5], "texture": "#0"}
			}
		},
		{
			"name": "HornB1",
			"from": [1, 7, 9],
			"to": [4, 9, 11],
			"rotation": {"angle": 22.5, "axis": "x", "origin": [8, 21, 4]},
			"faces": {
				"north": {"uv": [6.5, 0.5, 5.75, 1], "texture": "#0"},
				"east": {"uv": [7, 0.5, 6.5, 1], "texture": "#0"},
				"south": {"uv": [7.75, 0.5, 7, 1], "texture": "#0"},
				"west": {"uv": [5.75, 0.5, 5.25, 1], "texture": "#0"},
				"up": {"uv": [6.5, 0, 5.75, 0.5], "rotation": 180, "texture": "#0"},
				"down": {"uv": [7.25, 0, 6.5, 0.5], "texture": "#0"}
			}
		},
		{
			"name": "Nose Skull",
			"from": [6, -3, 9],
			"to": [10, 3, 13],
			"rotation": {"angle": 22.5, "axis": "x", "origin": [8, 21, 4]},
			"faces": {
				"north": {"uv": [1, 3.75, 2, 5.25], "texture": "#0"},
				"east": {"uv": [0, 3.75, 1, 5.25], "texture": "#0"},
				"south": {"uv": [3, 3.75, 4, 5.25], "texture": "#0"},
				"west": {"uv": [2, 3.75, 3, 5.25], "texture": "#0"},
				"up": {"uv": [1, 2.75, 2, 3.75], "rotation": 180, "texture": "#0"},
				"down": {"uv": [2, 2.75, 3, 3.75], "texture": "#0"}
			}
		}
	],
	"display": {
		"thirdperson_righthand": {
			"rotation": [75, -225, 0],
			"translation": [2.5, 6.25, 7.25],
			"scale": [0.8, 0.8, 0.8]
		},
		"thirdperson_lefthand": {
			"rotation": [75, -225, 0],
			"translation": [2.5, 6.25, 7.25],
			"scale": [0.8, 0.8, 0.8]
		},
		"firstperson_righthand": {
			"rotation": [0, -225, 0],
			"translation": [0, 6.75, 0],
			"scale": [0.8, 0.8, 0.8]
		},
		"firstperson_lefthand": {
			"rotation": [0, -225, 0],
			"translation": [0, 6.75, 0],
			"scale": [0.8, 0.8, 0.8]
		},
		"ground": {
			"translation": [0, 5, 0],
			"scale": [0.7, 0.7, 0.7]
		},
		"gui": {
			"rotation": [30, 225, 0],
			"translation": [-2, 4.25, 0],
			"scale": [0.825, 0.825, 0.825]
		},
		"head": {
			"rotation": [-9.75, 0, 0],
			"translation": [0, 10, -0.75],
			"scale": [1.801, 1.801, 1.801]
		},
		"fixed": {
			"rotation": [-7, 0, 0],
			"translation": [0, 12.75, 0.5],
			"scale": [2, 2, 2]
		}
	},
	"groups": [
		{
			"name": "Head",
			"origin": [8, 3, 2.5],
			"color": 0,
			"children": [
				0,
				{
					"name": "Horns",
					"origin": [8, 6, 7.25],
					"color": 0,
					"children": [1, 2, 3, 4]
				},
				5
			]
		}
	]
}