{
	"credit": "Made with Blockbench",
	"texture_size": [64, 64],
	"textures": {
		"0": "manic:entity/mirage",
		"particle": "manic:entity/mirage"
	},
	"elements": [
		{
			"name": "Head",
			"from": [2.5, 11, -2],
			"to": [13.5, 16, 7],
			"rotation": {"angle": 0, "axis": "x", "origin": [8, 11, 7]},
			"faces": {
				"north": {"uv": [2.25, 2.25, 5, 3.5], "texture": "#0", "tintindex": 0},
				"east": {"uv": [0, 2.25, 2.25, 3.5], "texture": "#0", "tintindex": 0},
				"south": {"uv": [7.25, 2.25, 10, 3.5], "texture": "#0", "tintindex": 0},
				"west": {"uv": [5, 2.25, 7.25, 3.5], "texture": "#0", "tintindex": 0},
				"up": {"uv": [2.25, 0, 5, 2.25], "rotation": 180, "texture": "#0", "tintindex": 0},
				"down": {"uv": [5, 0, 7.75, 2.25], "texture": "#0", "tintindex": 0}
			}
		},
		{
			"name": "Upper Teeth",
			"from": [2.5, 10, -2],
			"to": [13.5, 11, 2],
			"rotation": {"angle": 0, "axis": "x", "origin": [8, 11, 7]},
			"faces": {
				"north": {"uv": [1, 15.25, 3.75, 15], "texture": "#0", "tintindex": 0},
				"east": {"uv": [0, 15.25, 1, 15], "texture": "#0", "tintindex": 0},
				"west": {"uv": [3.75, 15.25, 4.75, 15], "texture": "#0", "tintindex": 0}
			}
		},
		{
			"name": "Upper Teeth inverted",
			"from": [13.5, 11, 2],
			"to": [2.5, 10, -2],
			"rotation": {"angle": 0, "axis": "x", "origin": [8, 11, 7]},
			"faces": {
				"east": {"uv": [3.75, 15, 4.75, 15.25], "texture": "#0", "tintindex": 0},
				"south": {"uv": [1, 15, 3.75, 15.25], "texture": "#0", "tintindex": 0},
				"west": {"uv": [0, 15, 1, 15.25], "texture": "#0", "tintindex": 0}
			}
		},
		{
			"name": "Lure",
			"from": [7, 14, -6],
			"to": [9, 16, -4],
			"rotation": {"angle": 0, "axis": "x", "origin": [8, 11, 7]},
			"faces": {
				"north": {"uv": [10.5, 2.5, 11, 3], "texture": "#0", "tintindex": 0},
				"east": {"uv": [10, 2.5, 10.5, 3], "texture": "#0", "tintindex": 0},
				"south": {"uv": [11.5, 2.5, 12, 3], "texture": "#0", "tintindex": 0},
				"west": {"uv": [11, 2.5, 11.5, 3], "texture": "#0", "tintindex": 0},
				"up": {"uv": [10.5, 2, 11, 2.5], "rotation": 180, "texture": "#0", "tintindex": 0},
				"down": {"uv": [11, 2, 11.5, 2.5], "texture": "#0", "tintindex": 0}
			}
		},
		{
			"name": "Rod",
			"from": [8, 16, -5],
			"to": [8, 19, 3],
			"rotation": {"angle": 0, "axis": "x", "origin": [8, 11, 7]},
			"faces": {
				"north": {"uv": [0, 0, 0, 0.75], "texture": "#missing"},
				"east": {"uv": [11.75, 0, 13.75, 0.75], "texture": "#0", "tintindex": 0},
				"south": {"uv": [0, 0, 0, 0.75], "texture": "#missing"},
				"west": {"uv": [13.75, 0, 11.75, 0.75], "texture": "#0", "tintindex": 0},
				"up": {"uv": [0, 0, 0, 2], "texture": "#missing"},
				"down": {"uv": [0, 0, 0, 2], "texture": "#missing"}
			}
		},
		{
			"name": "Jaw",
			"from": [2.25, 9, -2],
			"to": [13.75, 11, 7],
			"rotation": {"angle": -22.5, "axis": "x", "origin": [8, 11, 7]},
			"faces": {
				"north": {"uv": [2.25, 5.75, 5, 6.25], "texture": "#0", "tintindex": 0},
				"east": {"uv": [0, 5.75, 2.25, 6.25], "texture": "#0", "tintindex": 0},
				"south": {"uv": [7.25, 5.75, 10, 6.25], "texture": "#0", "tintindex": 0},
				"west": {"uv": [5, 5.75, 7.25, 6.25], "texture": "#0", "tintindex": 0},
				"up": {"uv": [2.25, 3.5, 5, 5.75], "rotation": 180, "texture": "#0", "tintindex": 0},
				"down": {"uv": [5, 3.5, 7.75, 5.75], "texture": "#0", "tintindex": 0}
			}
		},
		{
			"name": "Lower Teeth",
			"from": [2.25, 11, -2],
			"to": [13.75, 13, 2],
			"rotation": {"angle": -22.5, "axis": "x", "origin": [8, 11, 7]},
			"faces": {
				"north": {"uv": [1, 15.5, 3.75, 16], "texture": "#0", "tintindex": 0},
				"east": {"uv": [0, 15.5, 1, 16], "texture": "#0", "tintindex": 0},
				"west": {"uv": [3.75, 15.5, 4.75, 16], "texture": "#0", "tintindex": 0}
			}
		},
		{
			"name": "Lower Teeth inverted",
			"from": [13.75, 13, 2],
			"to": [2.25, 11, -2],
			"rotation": {"angle": -22.5, "axis": "x", "origin": [8, 11, 7]},
			"faces": {
				"east": {"uv": [3.75, 16, 4.75, 15.5], "texture": "#0", "tintindex": 0},
				"south": {"uv": [1, 16, 3.75, 15.5], "texture": "#0", "tintindex": 0},
				"west": {"uv": [0, 16, 1, 15.5], "texture": "#0", "tintindex": 0}
			}
		},
		{
			"name": "Body",
			"from": [2.5, 1, 1],
			"to": [13.5, 9, 10],
			"rotation": {"angle": -45, "axis": "x", "origin": [8, 9, 5.5]},
			"faces": {
				"north": {"uv": [2.25, 8.5, 5, 10.5], "texture": "#0", "tintindex": 0},
				"east": {"uv": [0, 8.5, 2.25, 10.5], "texture": "#0", "tintindex": 0},
				"south": {"uv": [7.25, 8.5, 10, 10.5], "texture": "#0", "tintindex": 0},
				"west": {"uv": [5, 8.5, 7.25, 10.5], "texture": "#0", "tintindex": 0},
				"up": {"uv": [2.25, 6.25, 5, 8.5], "texture": "#0", "tintindex": 0},
				"down": {"uv": [5, 6.25, 7.75, 8.5], "texture": "#0", "tintindex": 0}
			}
		},
		{
			"name": "Tail",
			"from": [8, 0.5, 11.5],
			"to": [8, 7.5, 19.5],
			"rotation": {"angle": 22.5, "axis": "x", "origin": [8, 4, 11.5]},
			"faces": {
				"east": {"uv": [10, 0, 11.75, 2], "rotation": 90, "texture": "#0", "tintindex": 0},
				"west": {"uv": [11.75, 0, 10, 2], "rotation": 270, "texture": "#0", "tintindex": 0}
			}
		},
		{
			"name": "Arm0",
			"from": [13.5, 5, 7.75],
			"to": [17.5, 9, 11.75],
			"rotation": {"angle": 0, "axis": "y", "origin": [15.5, 7, 7.75]},
			"faces": {
				"north": {"uv": [6.5, 11.5, 7.5, 12.5], "texture": "#0", "tintindex": 0},
				"east": {"uv": [5.5, 11.5, 6.5, 12.5], "texture": "#0", "tintindex": 0},
				"south": {"uv": [8.5, 11.5, 9.5, 12.5], "texture": "#0", "tintindex": 0},
				"west": {"uv": [7.5, 11.5, 8.5, 12.5], "texture": "#0", "tintindex": 0},
				"up": {"uv": [6.5, 10.5, 7.5, 11.5], "rotation": 180, "texture": "#0", "tintindex": 0},
				"down": {"uv": [7.5, 10.5, 8.5, 11.5], "texture": "#0", "tintindex": 0}
			}
		},
		{
			"name": "Arm1",
			"from": [-1.5, 5, 7.75],
			"to": [2.5, 9, 11.75],
			"rotation": {"angle": 0, "axis": "y", "origin": [0.5, 7, 7.75]},
			"faces": {
				"north": {"uv": [7.5, 11.5, 6.5, 12.5], "texture": "#0", "tintindex": 0},
				"east": {"uv": [8.5, 11.5, 7.5, 12.5], "texture": "#0", "tintindex": 0},
				"south": {"uv": [9.5, 11.5, 8.5, 12.5], "texture": "#0", "tintindex": 0},
				"west": {"uv": [6.5, 11.5, 5.5, 12.5], "texture": "#0", "tintindex": 0},
				"up": {"uv": [7.5, 10.5, 6.5, 11.5], "rotation": 180, "texture": "#0", "tintindex": 0},
				"down": {"uv": [8.5, 10.5, 7.5, 11.5], "texture": "#0", "tintindex": 0}
			}
		},
		{
			"name": "Upper Claw",
			"from": [13.6, 6, -2],
			"to": [19.6, 10, 8],
			"rotation": {"angle": -45, "axis": "x", "origin": [13.6, 6, 8]},
			"faces": {
				"north": {"uv": [2.5, 13, 4, 14], "texture": "#0", "tintindex": 0},
				"east": {"uv": [0, 13, 2.5, 14], "texture": "#0", "tintindex": 0},
				"south": {"uv": [6.5, 13, 8, 14], "texture": "#0", "tintindex": 0},
				"west": {"uv": [4, 13, 6.5, 14], "texture": "#0", "tintindex": 0},
				"up": {"uv": [2.5, 10.5, 4, 13], "rotation": 180, "texture": "#0", "tintindex": 0}
			}
		},
		{
			"name": "Upper Claw inverted",
			"from": [19.6, 10, 8],
			"to": [13.6, 6, -2],
			"rotation": {"angle": -45, "axis": "x", "origin": [13.6, 6, 8]},
			"faces": {
				"north": {"uv": [6.5, 14, 8, 13], "texture": "#0", "tintindex": 0},
				"east": {"uv": [4, 14, 6.5, 13], "texture": "#0", "tintindex": 0},
				"south": {"uv": [2.5, 14, 4, 13], "texture": "#0", "tintindex": 0},
				"west": {"uv": [0, 14, 2.5, 13], "texture": "#0", "tintindex": 0},
				"down": {"uv": [4, 10.5, 2.5, 13], "rotation": 180, "texture": "#0", "tintindex": 0}
			}
		},
		{
			"name": "Lower Claw",
			"from": [13.6, 3, -2],
			"to": [19.6, 7, 8],
			"rotation": {"angle": -45, "axis": "x", "origin": [13.6, 6, 8]},
			"faces": {
				"north": {"uv": [2.5, 14, 4, 15], "texture": "#0", "tintindex": 0},
				"east": {"uv": [0, 14, 2.5, 15], "texture": "#0", "tintindex": 0},
				"south": {"uv": [6.5, 14, 8, 15], "texture": "#0", "tintindex": 0},
				"west": {"uv": [4, 14, 6.5, 15], "texture": "#0", "tintindex": 0},
				"down": {"uv": [4, 10.5, 5.5, 13], "texture": "#0", "tintindex": 0}
			}
		},
		{
			"name": "Lower Claw inverted",
			"from": [19.6, 7, 8],
			"to": [13.6, 3, -2],
			"rotation": {"angle": -45, "axis": "x", "origin": [13.6, 6, 8]},
			"faces": {
				"north": {"uv": [6.5, 15, 8, 14], "texture": "#0", "tintindex": 0},
				"east": {"uv": [4, 15, 6.5, 14], "texture": "#0", "tintindex": 0},
				"south": {"uv": [2.5, 15, 4, 14], "texture": "#0", "tintindex": 0},
				"west": {"uv": [0, 15, 2.5, 14], "texture": "#0", "tintindex": 0},
				"up": {"uv": [5.5, 10.5, 4, 13], "texture": "#0", "tintindex": 0}
			}
		},
		{
			"name": "Upper Claw",
			"from": [-3.6, 6, -2],
			"to": [2.4, 10, 8],
			"rotation": {"angle": -45, "axis": "x", "origin": [2.6, 6, 8]},
			"faces": {
				"north": {"uv": [4, 13, 2.5, 14], "texture": "#0", "tintindex": 0},
				"east": {"uv": [6.5, 13, 4, 14], "texture": "#0", "tintindex": 0},
				"south": {"uv": [8, 13, 6.5, 14], "texture": "#0", "tintindex": 0},
				"west": {"uv": [2.5, 13, 0, 14], "texture": "#0", "tintindex": 0},
				"up": {"uv": [4, 10.5, 2.5, 13], "rotation": 180, "texture": "#0", "tintindex": 0}
			}
		},
		{
			"name": "Upper Claw inverted",
			"from": [2.4, 10, 8],
			"to": [-3.6, 6, -2],
			"rotation": {"angle": -45, "axis": "x", "origin": [2.6, 6, 8]},
			"faces": {
				"north": {"uv": [8, 14, 6.5, 13], "texture": "#0", "tintindex": 0},
				"east": {"uv": [2.5, 14, 0, 13], "texture": "#0", "tintindex": 0},
				"south": {"uv": [4, 14, 2.5, 13], "texture": "#0", "tintindex": 0},
				"west": {"uv": [6.5, 14, 4, 13], "texture": "#0", "tintindex": 0},
				"down": {"uv": [2.5, 10.5, 4, 13], "rotation": 180, "texture": "#0", "tintindex": 0}
			}
		},
		{
			"name": "Lower Claw",
			"from": [-3.6, 3, -2],
			"to": [2.4, 7, 8],
			"rotation": {"angle": -45, "axis": "x", "origin": [2.6, 6, 8]},
			"faces": {
				"north": {"uv": [4, 14, 2.5, 15], "texture": "#0", "tintindex": 0},
				"east": {"uv": [6.5, 14, 4, 15], "texture": "#0", "tintindex": 0},
				"south": {"uv": [8, 14, 6.5, 15], "texture": "#0", "tintindex": 0},
				"west": {"uv": [2.5, 14, 0, 15], "texture": "#0", "tintindex": 0},
				"down": {"uv": [5.5, 10.5, 4, 13], "texture": "#0", "tintindex": 0}
			}
		},
		{
			"name": "Lower Claw inverted",
			"from": [2.4, 7, 8],
			"to": [-3.6, 3, -2],
			"rotation": {"angle": -45, "axis": "x", "origin": [2.6, 6, 8]},
			"faces": {
				"north": {"uv": [8, 15, 6.5, 14], "texture": "#0", "tintindex": 0},
				"east": {"uv": [2.5, 15, 0, 14], "texture": "#0", "tintindex": 0},
				"south": {"uv": [4, 15, 2.5, 14], "texture": "#0", "tintindex": 0},
				"west": {"uv": [6.5, 15, 4, 14], "texture": "#0", "tintindex": 0},
				"up": {"uv": [4, 10.5, 5.5, 13], "texture": "#0", "tintindex": 0}
			}
		}
	],
	"display": {
		"ground": {
			"rotation": [0, -180, 0],
			"translation": [0, -9.5, -6]
		},
		"head": {
			"translation": [0, -28, 0],
			"scale": [1.6, 1.6, 1.6]
		}
	},
	"groups": [
		{
			"name": "Head",
			"origin": [8, 2.5, 8],
			"color": 0,
			"children": [
				0,
				{
					"name": "Upper Teeth",
					"origin": [8, 11, 7],
					"color": 0,
					"children": [1, 2]
				},
				{
					"name": "Lure",
					"origin": [8, 16, 8],
					"color": 0,
					"children": [3, 4]
				},
				{
					"name": "Jaw",
					"origin": [8, 0, 12],
					"color": 0,
					"children": [5, 6, 7]
				}
			]
		},
		{
			"name": "Body",
			"origin": [8, 4, 11.5],
			"color": 0,
			"children": [8, 9]
		},
		{
			"name": "Claws",
			"origin": [13.5, 6, 8],
			"color": 0,
			"children": [
				10,
				11,
				{
					"name": "Claw0",
					"origin": [13.5, 6, 8],
					"color": 0,
					"children": [
						{
							"name": "Upper Claw",
							"origin": [13.6, 2, 9],
							"color": 0,
							"children": [12, 13]
						},
						{
							"name": "Lower Claw",
							"origin": [13.5, 6, 8],
							"color": 0,
							"children": [14, 15]
						}
					]
				},
				{
					"name": "Claw1",
					"origin": [13.5, 6, 8],
					"color": 0,
					"children": [
						{
							"name": "Upper Claw",
							"origin": [13.6, 2, 9],
							"color": 0,
							"children": [16, 17]
						},
						{
							"name": "Lower Claw",
							"origin": [13.5, 6, 8],
							"color": 0,
							"children": [18, 19]
						}
					]
				}
			]
		}
	]
}