{
	"credit": "Made with Blockbench, Modeller: ElBones",
	"texture_size": [48, 48],
	"textures": {
		"0": "manic:models/spook_tumor",
		"particle": "manic:models/spook_tumor"
	},
	"elements": [
		{
			"name": "Head",
			"from": [3, 3, 3],
			"to": [13, 9, 13],
			"rotation": {"angle": 0, "axis": "y", "origin": [8, 3, 13]},
			"faces": {
				"north": {"uv": [3.33333, 3.33333, 6.66667, 5.33333], "texture": "#0", "tintindex": 0},
				"east": {"uv": [0, 3.33333, 3.33333, 5.33333], "texture": "#0", "tintindex": 0},
				"south": {"uv": [10, 3.33333, 13.33333, 5.33333], "texture": "#0", "tintindex": 0},
				"west": {"uv": [6.66667, 3.33333, 10, 5.33333], "texture": "#0", "tintindex": 0},
				"up": {"uv": [3.33333, 0, 6.66667, 3.33333], "rotation": 180, "texture": "#0", "tintindex": 0},
				"down": {"uv": [6.66667, 0, 10, 3.33333], "texture": "#0", "tintindex": 0}
			}
		},
		{
			"name": "Jaw",
			"from": [3, -1, 3],
			"to": [13, 2, 13],
			"rotation": {"angle": 0, "axis": "x", "origin": [8, 3, 13]},
			"faces": {
				"north": {"uv": [3.33333, 8.66667, 6.66667, 9.66666], "texture": "#0", "tintindex": 0},
				"east": {"uv": [0, 8.66667, 3.33333, 9.66666], "texture": "#0", "tintindex": 0},
				"south": {"uv": [10, 8.66667, 13.33333, 9.66666], "texture": "#0", "tintindex": 0},
				"west": {"uv": [6.66667, 8.66667, 10, 9.66666], "texture": "#0", "tintindex": 0},
				"up": {"uv": [3.33333, 5.33333, 6.66667, 8.66667], "rotation": 180, "texture": "#0", "tintindex": 0},
				"down": {"uv": [6.66667, 5.33333, 10, 8.66667], "texture": "#0", "tintindex": 0}
			}
		},
		{
			"name": "Connection",
			"from": [3, 2, 3],
			"to": [13, 3, 13],
			"rotation": {"angle": 0, "axis": "x", "origin": [8, 3, 13]},
			"faces": {
				"north": {"uv": [3.33333, 15.66667, 6.66667, 16], "texture": "#0", "tintindex": 0},
				"east": {"uv": [0, 15.66667, 3.33333, 16], "texture": "#0", "tintindex": 0},
				"south": {"uv": [10, 15.66667, 13.33333, 16], "texture": "#0", "tintindex": 0},
				"west": {"uv": [6.66667, 15.66667, 10, 16], "texture": "#0", "tintindex": 0}
			}
		},
		{
			"name": "Connection inverted",
			"from": [13, 3, 13],
			"to": [3, 2, 3],
			"rotation": {"angle": 0, "axis": "x", "origin": [8, 3, 13]},
			"faces": {
				"north": {"uv": [10, 16, 13.33333, 15.66667], "texture": "#0", "tintindex": 0},
				"east": {"uv": [6.66667, 16, 10, 15.66667], "texture": "#0", "tintindex": 0},
				"south": {"uv": [3.33333, 16, 6.66667, 15.66667], "texture": "#0", "tintindex": 0},
				"west": {"uv": [0, 16, 3.33333, 15.66667], "texture": "#0", "tintindex": 0}
			}
		},
		{
			"name": "Big Bump",
			"from": [0, 4, 5],
			"to": [3, 8, 9],
			"rotation": {"angle": 0, "axis": "y", "origin": [3, 6, 7]},
			"faces": {
				"north": {"uv": [1.33333, 12, 2.33333, 13.33333], "texture": "#0", "tintindex": 0},
				"east": {"uv": [0, 12, 1.33333, 13.33333], "texture": "#0", "tintindex": 0},
				"south": {"uv": [3.66667, 12, 4.66667, 13.33333], "texture": "#0", "tintindex": 0},
				"west": {"uv": [2.33333, 12, 3.66667, 13.33333], "texture": "#0", "tintindex": 0},
				"up": {"uv": [1, 11, 2.33333, 12], "rotation": 270, "texture": "#0", "tintindex": 0},
				"down": {"uv": [2.33333, 11, 3.66667, 12], "rotation": 90, "texture": "#0", "tintindex": 0}
			}
		},
		{
			"name": "Medium Bump",
			"from": [13, 4, 8],
			"to": [15, 7, 11],
			"rotation": {"angle": 0, "axis": "y", "origin": [13, 6, 9]},
			"faces": {
				"north": {"uv": [1, 14, 1.66667, 15], "texture": "#0", "tintindex": 0},
				"east": {"uv": [0, 14, 1, 15], "texture": "#0", "tintindex": 0},
				"south": {"uv": [2.66667, 14, 3.33333, 15], "texture": "#0", "tintindex": 0},
				"west": {"uv": [1.66667, 14, 2.66667, 15], "texture": "#0", "tintindex": 0},
				"up": {"uv": [0.66667, 13.33333, 1.66667, 14], "rotation": 270, "texture": "#0", "tintindex": 0},
				"down": {"uv": [1.66667, 13.33333, 2.66667, 14], "rotation": 90, "texture": "#0", "tintindex": 0}
			}
		},
		{
			"name": "Small Bump",
			"from": [12, 8, 4],
			"to": [14, 10, 6],
			"rotation": {"angle": 0, "axis": "y", "origin": [12, 10, 5]},
			"faces": {
				"north": {"uv": [5.33333, 11.66666, 6, 12.33333], "texture": "#0", "tintindex": 0},
				"east": {"uv": [4.66667, 11.66666, 5.33333, 12.33333], "texture": "#0", "tintindex": 0},
				"south": {"uv": [6.66667, 11.66666, 7.33333, 12.33333], "texture": "#0", "tintindex": 0},
				"west": {"uv": [6, 11.66666, 6.66667, 12.33333], "texture": "#0", "tintindex": 0},
				"up": {"uv": [5.33333, 11, 6, 11.66666], "rotation": 180, "texture": "#0", "tintindex": 0},
				"down": {"uv": [6, 11, 6.66667, 11.66666], "texture": "#0", "tintindex": 0}
			}
		},
		{
			"name": "Small Bump",
			"from": [4, 4, 12],
			"to": [6, 6, 14],
			"rotation": {"angle": 0, "axis": "y", "origin": [4, 6, 13]},
			"faces": {
				"north": {"uv": [5.33333, 11.66666, 6, 12.33333], "texture": "#0", "tintindex": 0},
				"east": {"uv": [4.66667, 11.66666, 5.33333, 12.33333], "texture": "#0", "tintindex": 0},
				"south": {"uv": [6.66667, 11.66666, 7.33333, 12.33333], "texture": "#0", "tintindex": 0},
				"west": {"uv": [6, 11.66666, 6.66667, 12.33333], "texture": "#0", "tintindex": 0},
				"up": {"uv": [5.33333, 11, 6, 11.66666], "rotation": 180, "texture": "#0", "tintindex": 0},
				"down": {"uv": [6, 11, 6.66667, 11.66666], "texture": "#0", "tintindex": 0}
			}
		},
		{
			"name": "Tatters",
			"from": [5, -5, 5],
			"to": [11, -1, 11],
			"rotation": {"angle": 0, "axis": "y", "origin": [8, 0, 13]},
			"faces": {
				"north": {"uv": [2, 9.66666, 4, 11], "texture": "#0", "tintindex": 0},
				"east": {"uv": [0, 9.66666, 2, 11], "texture": "#0", "tintindex": 0},
				"south": {"uv": [6, 9.66666, 8, 11], "texture": "#0", "tintindex": 0},
				"west": {"uv": [4, 9.66666, 6, 11], "texture": "#0", "tintindex": 0}
			}
		},
		{
			"name": "Tatters inverted",
			"from": [11, -1, 11],
			"to": [5, -5, 5],
			"rotation": {"angle": 0, "axis": "y", "origin": [8, 0, 13]},
			"faces": {
				"north": {"uv": [6, 11, 8, 9.66666], "texture": "#0", "tintindex": 0},
				"east": {"uv": [4, 11, 6, 9.66666], "texture": "#0", "tintindex": 0},
				"south": {"uv": [2, 11, 4, 9.66666], "texture": "#0", "tintindex": 0},
				"west": {"uv": [0, 11, 2, 9.66666], "texture": "#0", "tintindex": 0}
			}
		}
	],
	"display": {
		"thirdperson_righthand": {
			"rotation": [75, 45, 0],
			"translation": [0, 2.5, 0],
			"scale": [0.375, 0.375, 0.375]
		},
		"thirdperson_lefthand": {
			"rotation": [75, 45, 0],
			"translation": [0, 2.5, 0],
			"scale": [0.375, 0.375, 0.375]
		},
		"firstperson_righthand": {
			"rotation": [135, 25.5, 135],
			"translation": [-1, 3, -1],
			"scale": [0.6, 0.6, 0.6]
		},
		"firstperson_lefthand": {
			"rotation": [135, 25.5, 135],
			"translation": [-1, 3, -1],
			"scale": [0.6, 0.6, 0.6]
		},
		"ground": {
			"translation": [0, 2, 0],
			"scale": [0.5, 0.5, 0.5]
		},
		"head": {
			"translation": [0, 6.402, 0],
			"scale": [1.605, 1.605, 1.605]
		},
		"fixed": {
			"translation": [0, 4, -1],
			"scale": [0.8, 0.8, 0.8]
		}
	},
	"groups": [
		{
			"name": "Head",
			"origin": [8, 3, 13],
			"color": 0,
			"children": [
				0,
				1,
				{
					"name": "Connection",
					"origin": [8, 3, 13],
					"color": 0,
					"children": [2, 3]
				},
				{
					"name": "Bumps",
					"origin": [8, 3, 13],
					"color": 0,
					"children": [4, 5, 6, 7]
				}
			]
		},
		{
			"name": "Tatters",
			"origin": [8, 8, 8],
			"color": 0,
			"children": [8, 9]
		}
	]
}