{
	"credit": "Made with Blockbench",
	"texture_size": [64, 64],
	"textures": {
		"0": "manic:block/corpsebloom",
		"particle": "manic:block/corpsebloom"
	},
	"elements": [
		{
			"name": "Cross",
			"from": [4, -4, 8],
			"to": [12, 20, 8],
			"rotation": {"angle": 0, "axis": "y", "origin": [8, 4, 8]},
			"faces": {
				"north": {"uv": [12.5, 10, 14.5, 16], "texture": "#0", "tintindex": 0},
				"south": {"uv": [12.5, 10, 14.5, 16], "texture": "#0", "tintindex": 0}
			}
		},
		{
			"name": "Cross",
			"from": [8, -4, 4],
			"to": [8, 20, 12],
			"rotation": {"angle": 0, "axis": "y", "origin": [8, 4, 8]},
			"faces": {
				"east": {"uv": [12.5, 10, 14.5, 16], "texture": "#0", "tintindex": 0},
				"west": {"uv": [12.5, 10, 14.5, 16], "texture": "#0", "tintindex": 0}
			}
		}
	],
	"display": {
		"ground": {
			"rotation": [0, -90, 0],
			"translation": [0, -6, -6],
			"scale": [1.01, 1.01, 1.01]
		},
		"head": {
			"translation": [0, -23.75, 0],
			"scale": [1.62, 1.62, 1.62]
		}
	},
	"groups": [
		{
			"name": "Stem",
			"origin": [0, 0, 0],
			"color": 0,
			"children": [0, 1]
		}
	]
}