{
	"credit": "Made with Blockbench",
	"texture_size": [64, 64],
	"textures": {
		"0": "manic:entity/insomniac",
		"1": "manic:entity/insomniac_walking",
		"particle": "manic:entity/insomniac_walking"
	},
	"elements": [
		{
			"name": "Body",
			"from": [4, 12, 5],
			"to": [12, 24, 11],
			"rotation": {"angle": 0, "axis": "y", "origin": [0, -3, 8]},
			"faces": {
				"north": {"uv": [5.5, 6.5, 7.5, 9.5], "texture": "#0", "tintindex": 0},
				"east": {"uv": [4, 6.5, 5.5, 9.5], "texture": "#0", "tintindex": 0},
				"south": {"uv": [9, 6.5, 11, 9.5], "texture": "#0", "tintindex": 0},
				"west": {"uv": [7.5, 6.5, 9, 9.5], "texture": "#0", "tintindex": 0},
				"up": {"uv": [7.5, 6.5, 5.5, 5], "texture": "#0", "tintindex": 0},
				"down": {"uv": [9.5, 5, 7.5, 6.5], "texture": "#0", "tintindex": 0}
			}
		},
		{
			"name": "Arm0",
			"from": [12, 16, 6],
			"to": [16, 24, 10],
			"rotation": {"angle": 45, "axis": "x", "origin": [8, 22, 8]},
			"faces": {
				"north": {"uv": [12, 6.5, 13, 8.5], "texture": "#0", "tintindex": 0},
				"east": {"uv": [11, 6.5, 12, 8.5], "texture": "#0", "tintindex": 0},
				"south": {"uv": [14, 6.5, 15, 8.5], "texture": "#0", "tintindex": 0},
				"west": {"uv": [13, 6.5, 14, 8.5], "texture": "#0", "tintindex": 0},
				"up": {"uv": [13, 6.5, 12, 5.5], "texture": "#0", "tintindex": 0},
				"down": {"uv": [14, 5.5, 13, 6.5], "texture": "#0", "tintindex": 0}
			}
		},
		{
			"name": "Arm1",
			"from": [0, 16, 6],
			"to": [4, 24, 10],
			"shade": false,
			"rotation": {"angle": 45, "axis": "x", "origin": [8, 22, 8]},
			"faces": {
				"north": {"uv": [13, 6.5, 12, 8.5], "texture": "#0", "tintindex": 0},
				"east": {"uv": [14, 6.5, 13, 8.5], "texture": "#0", "tintindex": 0},
				"south": {"uv": [15, 6.5, 14, 8.5], "texture": "#0", "tintindex": 0},
				"west": {"uv": [12, 6.5, 11, 8.5], "texture": "#0", "tintindex": 0},
				"up": {"uv": [12, 6.5, 13, 5.5], "texture": "#0", "tintindex": 0},
				"down": {"uv": [13, 5.5, 14, 6.5], "texture": "#0", "tintindex": 0}
			}
		},
		{
			"name": "Hands",
			"from": [4, 16, 6],
			"to": [12, 20, 10],
			"rotation": {"angle": 45, "axis": "x", "origin": [8, 22, 8]},
			"faces": {
				"north": {"uv": [11, 10.5, 13, 11.5], "texture": "#0", "tintindex": 0},
				"east": {"uv": [10, 10.5, 11, 11.5], "texture": "#0", "tintindex": 0},
				"south": {"uv": [14, 10.5, 16, 11.5], "texture": "#0", "tintindex": 0},
				"west": {"uv": [13, 10.5, 14, 11.5], "texture": "#0", "tintindex": 0},
				"up": {"uv": [13, 10.5, 11, 9.5], "texture": "#0", "tintindex": 0},
				"down": {"uv": [15, 9.5, 13, 10.5], "texture": "#0", "tintindex": 0}
			}
		},
		{
			"name": "Leg0",
			"from": [8, 0, 6],
			"to": [12, 12, 10],
			"rotation": {"angle": 22.5, "axis": "x", "origin": [10, 12, 8]},
			"faces": {
				"north": {"uv": [2, 2, 4, 8], "texture": "#1", "tintindex": 0},
				"east": {"uv": [0, 2, 2, 8], "texture": "#1", "tintindex": 0},
				"south": {"uv": [6, 2, 8, 8], "texture": "#1", "tintindex": 0},
				"west": {"uv": [4, 2, 6, 8], "texture": "#1", "tintindex": 0},
				"up": {"uv": [4, 2, 2, 0], "texture": "#1", "tintindex": 0},
				"down": {"uv": [4, 0, 6, 2], "texture": "#1", "tintindex": 0}
			}
		},
		{
			"name": "Leg1",
			"from": [4, 0, 6],
			"to": [8, 12, 10],
			"rotation": {"angle": -22.5, "axis": "x", "origin": [6, 12, 8]},
			"faces": {
				"north": {"uv": [4, 2, 2, 8], "texture": "#1", "tintindex": 0},
				"east": {"uv": [6, 2, 4, 8], "texture": "#1", "tintindex": 0},
				"south": {"uv": [8, 2, 6, 8], "texture": "#1", "tintindex": 0},
				"west": {"uv": [2, 2, 0, 8], "texture": "#1", "tintindex": 0},
				"up": {"uv": [2, 2, 4, 0], "texture": "#1", "tintindex": 0},
				"down": {"uv": [6, 0, 4, 2], "texture": "#1", "tintindex": 0}
			}
		},
		{
			"name": "Leg0",
			"from": [8, 0, 6],
			"to": [12, 12, 10],
			"rotation": {"angle": 0, "axis": "y", "origin": [10, 12, 8]},
			"faces": {
				"north": {"uv": [10, 2, 12, 8], "texture": "#1", "tintindex": 0},
				"east": {"uv": [8, 2, 10, 8], "texture": "#1", "tintindex": 0},
				"south": {"uv": [14, 2, 16, 8], "texture": "#1", "tintindex": 0},
				"west": {"uv": [12, 2, 14, 8], "texture": "#1", "tintindex": 0},
				"up": {"uv": [12, 2, 10, 0], "texture": "#1", "tintindex": 0},
				"down": {"uv": [12, 0, 14, 2], "texture": "#1", "tintindex": 0}
			}
		},
		{
			"name": "Leg1",
			"from": [4, 0, 6],
			"to": [8, 12, 10],
			"rotation": {"angle": 0, "axis": "y", "origin": [6, 12, 8]},
			"faces": {
				"north": {"uv": [12, 2, 10, 8], "texture": "#1", "tintindex": 0},
				"east": {"uv": [14, 2, 12, 8], "texture": "#1", "tintindex": 0},
				"south": {"uv": [16, 2, 14, 8], "texture": "#1", "tintindex": 0},
				"west": {"uv": [10, 2, 8, 8], "texture": "#1", "tintindex": 0},
				"up": {"uv": [10, 2, 12, 0], "texture": "#1", "tintindex": 0},
				"down": {"uv": [14, 0, 12, 2], "texture": "#1", "tintindex": 0}
			}
		},
		{
			"name": "Leg0",
			"from": [8, 0, 6],
			"to": [12, 12, 10],
			"rotation": {"angle": -22.5, "axis": "x", "origin": [10, 12, 8]},
			"faces": {
				"north": {"uv": [2, 10, 4, 16], "texture": "#1", "tintindex": 0},
				"east": {"uv": [0, 10, 2, 16], "texture": "#1", "tintindex": 0},
				"south": {"uv": [6, 10, 8, 16], "texture": "#1", "tintindex": 0},
				"west": {"uv": [4, 10, 6, 16], "texture": "#1", "tintindex": 0},
				"up": {"uv": [4, 10, 2, 8], "texture": "#1", "tintindex": 0},
				"down": {"uv": [4, 8, 6, 10], "texture": "#1", "tintindex": 0}
			}
		},
		{
			"name": "Leg1",
			"from": [4, 0, 6],
			"to": [8, 12, 10],
			"rotation": {"angle": 22.5, "axis": "x", "origin": [6, 12, 8]},
			"faces": {
				"north": {"uv": [4, 10, 2, 16], "texture": "#1", "tintindex": 0},
				"east": {"uv": [6, 10, 4, 16], "texture": "#1", "tintindex": 0},
				"south": {"uv": [8, 10, 6, 16], "texture": "#1", "tintindex": 0},
				"west": {"uv": [2, 10, 0, 16], "texture": "#1", "tintindex": 0},
				"up": {"uv": [2, 10, 4, 8], "texture": "#1", "tintindex": 0},
				"down": {"uv": [6, 8, 4, 10], "texture": "#1", "tintindex": 0}
			}
		}
	],
	"display": {
		"ground": {
			"rotation": [0, -180, 0],
			"translation": [0, -9.5, -6]
		}
	},
	"groups": [
		0,
		{
			"name": "Arms",
			"origin": [8, 22, 8],
			"color": 0,
			"children": [1, 2, 3]
		},
		{
			"name": "Legs",
			"origin": [6, 12, 8],
			"color": 0,
			"children": [
				{
					"name": "Legs0",
					"origin": [6, 12, 8],
					"color": 0,
					"children": [4, 5]
				},
				{
					"name": "Legs1",
					"origin": [6, 12, 8],
					"color": 0,
					"children": [6, 7]
				},
				{
					"name": "Legs2",
					"origin": [6, 12, 8],
					"color": 0,
					"children": [8, 9]
				}
			]
		}
	]
}