{
	"credit": "Made with Blockbench",
	"texture_size": [64, 64],
	"textures": {
		"0": "manic:entity/corpsecreep/corpsecreep",
		"1": "manic:entity/corpsecreep/corpsecreep_walking"
	},
	"elements": [
		{
			"name": "Head",
			"from": [3, 21, 3],
			"to": [13, 31, 13],
			"rotation": {"angle": 0, "axis": "y", "origin": [8, 21, 8]},
			"faces": {
				"north": {"uv": [2.5, 2.5, 5, 5], "texture": "#0", "tintindex": 0},
				"east": {"uv": [0, 2.5, 2.5, 5], "texture": "#0", "tintindex": 0},
				"south": {"uv": [7.5, 2.5, 10, 5], "texture": "#0", "tintindex": 0},
				"west": {"uv": [5, 2.5, 7.5, 5], "texture": "#0", "tintindex": 0},
				"up": {"uv": [2.5, 0, 5, 2.5], "rotation": 180, "texture": "#0", "tintindex": 0},
				"down": {"uv": [5, 0, 7.5, 2.5], "texture": "#0", "tintindex": 0}
			}
		},
		{
			"name": "Torso",
			"from": [5, 16, 5],
			"to": [11, 21, 11],
			"rotation": {"angle": 0, "axis": "y", "origin": [8, 21, 8]},
			"faces": {
				"north": {"uv": [1.5, 6.5, 3, 7.75], "texture": "#0", "tintindex": 0},
				"east": {"uv": [0, 6.5, 1.5, 7.75], "texture": "#0", "tintindex": 0},
				"south": {"uv": [4.5, 6.5, 6, 7.75], "texture": "#0", "tintindex": 0},
				"west": {"uv": [3, 6.5, 4.5, 7.75], "texture": "#0", "tintindex": 0},
				"up": {"uv": [1.5, 5, 3, 6.5], "texture": "#0", "tintindex": 0},
				"down": {"uv": [3, 5, 4.5, 6.5], "texture": "#0", "tintindex": 0}
			}
		},
		{
			"name": "Hip",
			"from": [3, 8, 3],
			"to": [13, 16, 13],
			"rotation": {"angle": 0, "axis": "y", "origin": [8, 16, 8]},
			"faces": {
				"north": {"uv": [2.5, 10.25, 5, 12.25], "texture": "#0", "tintindex": 0},
				"east": {"uv": [0, 10.25, 2.5, 12.25], "texture": "#0", "tintindex": 0},
				"south": {"uv": [7.5, 10.25, 10, 12.25], "texture": "#0", "tintindex": 0},
				"west": {"uv": [5, 10.25, 7.5, 12.25], "texture": "#0", "tintindex": 0},
				"up": {"uv": [2.5, 7.75, 5, 10.25], "rotation": 180, "texture": "#0", "tintindex": 0},
				"down": {"uv": [5, 7.75, 7.5, 10.25], "texture": "#0", "tintindex": 0}
			}
		},
		{
			"name": "Branches",
			"from": [0, 12, 8],
			"to": [16, 19, 8],
			"rotation": {"angle": 0, "axis": "y", "origin": [8, 16, 8]},
			"faces": {
				"north": {"uv": [11.75, 3.25, 15.75, 5], "texture": "#0", "tintindex": 0},
				"south": {"uv": [15.75, 3.25, 11.75, 5], "texture": "#0", "tintindex": 0}
			}
		},
		{
			"name": "Leg0",
			"from": [10, 0, 2],
			"to": [14, 8, 6],
			"rotation": {"angle": 0, "axis": "x", "origin": [12, 8, 4]},
			"faces": {
				"north": {"uv": [1, 1, 2, 3], "texture": "#1", "tintindex": 0},
				"east": {"uv": [0, 1, 1, 3], "texture": "#1", "tintindex": 0},
				"south": {"uv": [3, 1, 4, 3], "texture": "#1", "tintindex": 0},
				"west": {"uv": [2, 1, 3, 3], "texture": "#1", "tintindex": 0},
				"up": {"uv": [1, 0, 2, 1], "rotation": 180, "texture": "#1", "tintindex": 0},
				"down": {"uv": [2, 0, 3, 1], "texture": "#1", "tintindex": 0}
			}
		},
		{
			"name": "Leg1",
			"from": [2, 0, 10],
			"to": [6, 8, 14],
			"rotation": {"angle": 0, "axis": "x", "origin": [4, 8, 12]},
			"faces": {
				"north": {"uv": [2, 1, 1, 3], "texture": "#1", "tintindex": 0},
				"east": {"uv": [3, 1, 2, 3], "texture": "#1", "tintindex": 0},
				"south": {"uv": [4, 1, 3, 3], "texture": "#1", "tintindex": 0},
				"west": {"uv": [1, 1, 0, 3], "texture": "#1", "tintindex": 0},
				"up": {"uv": [2, 0, 1, 1], "rotation": 180, "texture": "#1", "tintindex": 0},
				"down": {"uv": [3, 0, 2, 1], "texture": "#1", "tintindex": 0}
			}
		},
		{
			"name": "Leg0-1",
			"from": [10, 0, 2],
			"to": [14, 8, 6],
			"rotation": {"angle": 22.5, "axis": "x", "origin": [12, 8, 4]},
			"faces": {
				"north": {"uv": [1, 5, 2, 7], "texture": "#1", "tintindex": 0},
				"east": {"uv": [0, 5, 1, 7], "texture": "#1", "tintindex": 0},
				"south": {"uv": [3, 5, 4, 7], "texture": "#1", "tintindex": 0},
				"west": {"uv": [2, 5, 3, 7], "texture": "#1", "tintindex": 0},
				"up": {"uv": [1, 4, 2, 5], "rotation": 180, "texture": "#1", "tintindex": 0},
				"down": {"uv": [2, 4, 3, 5], "texture": "#1", "tintindex": 0}
			}
		},
		{
			"name": "Leg1-1",
			"from": [2, 0, 10],
			"to": [6, 8, 14],
			"rotation": {"angle": 22.5, "axis": "x", "origin": [4, 8, 12]},
			"faces": {
				"north": {"uv": [2, 5, 1, 7], "texture": "#1", "tintindex": 0},
				"east": {"uv": [3, 5, 2, 7], "texture": "#1", "tintindex": 0},
				"south": {"uv": [4, 5, 3, 7], "texture": "#1", "tintindex": 0},
				"west": {"uv": [1, 5, 0, 7], "texture": "#1", "tintindex": 0},
				"up": {"uv": [2, 4, 1, 5], "rotation": 180, "texture": "#1", "tintindex": 0},
				"down": {"uv": [3, 4, 2, 5], "texture": "#1", "tintindex": 0}
			}
		},
		{
			"name": "Leg0-2",
			"from": [10, 0, 2],
			"to": [14, 8, 6],
			"rotation": {"angle": 0, "axis": "x", "origin": [12, 8, 4]},
			"faces": {
				"north": {"uv": [1, 9, 2, 11], "texture": "#1", "tintindex": 0},
				"east": {"uv": [0, 9, 1, 11], "texture": "#1", "tintindex": 0},
				"south": {"uv": [3, 9, 4, 11], "texture": "#1", "tintindex": 0},
				"west": {"uv": [2, 9, 3, 11], "texture": "#1", "tintindex": 0},
				"up": {"uv": [1, 8, 2, 9], "rotation": 180, "texture": "#1", "tintindex": 0},
				"down": {"uv": [2, 8, 3, 9], "texture": "#1", "tintindex": 0}
			}
		},
		{
			"name": "Leg1-2",
			"from": [2, 0, 10],
			"to": [6, 8, 14],
			"rotation": {"angle": 0, "axis": "x", "origin": [4, 8, 12]},
			"faces": {
				"north": {"uv": [2, 9, 1, 11], "texture": "#1", "tintindex": 0},
				"east": {"uv": [3, 9, 2, 11], "texture": "#1", "tintindex": 0},
				"south": {"uv": [4, 9, 3, 11], "texture": "#1", "tintindex": 0},
				"west": {"uv": [1, 9, 0, 11], "texture": "#1", "tintindex": 0},
				"up": {"uv": [2, 8, 1, 9], "rotation": 180, "texture": "#1", "tintindex": 0},
				"down": {"uv": [3, 8, 2, 9], "texture": "#1", "tintindex": 0}
			}
		},
		{
			"name": "Leg0-3",
			"from": [2, 0, 10],
			"to": [6, 8, 14],
			"rotation": {"angle": -22.5, "axis": "x", "origin": [4, 8, 12]},
			"faces": {
				"north": {"uv": [2, 13, 1, 15], "texture": "#1", "tintindex": 0},
				"east": {"uv": [3, 13, 2, 15], "texture": "#1", "tintindex": 0},
				"south": {"uv": [4, 13, 3, 15], "texture": "#1", "tintindex": 0},
				"west": {"uv": [1, 13, 0, 15], "texture": "#1", "tintindex": 0},
				"up": {"uv": [2, 12, 1, 13], "rotation": 180, "texture": "#1", "tintindex": 0},
				"down": {"uv": [3, 12, 2, 13], "texture": "#1", "tintindex": 0}
			}
		},
		{
			"name": "Leg1-3",
			"from": [10, 0, 2],
			"to": [14, 8, 6],
			"rotation": {"angle": -22.5, "axis": "x", "origin": [12, 8, 4]},
			"faces": {
				"north": {"uv": [1, 13, 2, 15], "texture": "#1", "tintindex": 0},
				"east": {"uv": [0, 13, 1, 15], "texture": "#1", "tintindex": 0},
				"south": {"uv": [3, 13, 4, 15], "texture": "#1", "tintindex": 0},
				"west": {"uv": [2, 13, 3, 15], "texture": "#1", "tintindex": 0},
				"up": {"uv": [1, 12, 2, 13], "rotation": 180, "texture": "#1", "tintindex": 0},
				"down": {"uv": [2, 12, 3, 13], "texture": "#1", "tintindex": 0}
			}
		},
		{
			"name": "Leg0",
			"from": [2, 0, 2],
			"to": [6, 8, 6],
			"rotation": {"angle": 0, "axis": "x", "origin": [4, 8, 4]},
			"faces": {
				"north": {"uv": [2, 1, 1, 3], "texture": "#1", "tintindex": 0},
				"east": {"uv": [3, 1, 2, 3], "texture": "#1", "tintindex": 0},
				"south": {"uv": [4, 1, 3, 3], "texture": "#1", "tintindex": 0},
				"west": {"uv": [1, 1, 0, 3], "texture": "#1", "tintindex": 0},
				"up": {"uv": [2, 0, 1, 1], "rotation": 180, "texture": "#1", "tintindex": 0},
				"down": {"uv": [3, 0, 2, 1], "texture": "#1", "tintindex": 0}
			}
		},
		{
			"name": "Leg1",
			"from": [10, 0, 10],
			"to": [14, 8, 14],
			"rotation": {"angle": 0, "axis": "x", "origin": [12, 8, 12]},
			"faces": {
				"north": {"uv": [1, 1, 2, 3], "texture": "#1", "tintindex": 0},
				"east": {"uv": [0, 1, 1, 3], "texture": "#1", "tintindex": 0},
				"south": {"uv": [3, 1, 4, 3], "texture": "#1", "tintindex": 0},
				"west": {"uv": [2, 1, 3, 3], "texture": "#1", "tintindex": 0},
				"up": {"uv": [1, 0, 2, 1], "rotation": 180, "texture": "#1", "tintindex": 0},
				"down": {"uv": [2, 0, 3, 1], "texture": "#1", "tintindex": 0}
			}
		},
		{
			"name": "Leg0-1",
			"from": [2, 0, 2],
			"to": [6, 8, 6],
			"rotation": {"angle": -22.5, "axis": "x", "origin": [4, 8, 4]},
			"faces": {
				"north": {"uv": [2, 5, 1, 7], "texture": "#1", "tintindex": 0},
				"east": {"uv": [3, 5, 2, 7], "texture": "#1", "tintindex": 0},
				"south": {"uv": [4, 5, 3, 7], "texture": "#1", "tintindex": 0},
				"west": {"uv": [1, 5, 0, 7], "texture": "#1", "tintindex": 0},
				"up": {"uv": [2, 4, 1, 5], "rotation": 180, "texture": "#1", "tintindex": 0},
				"down": {"uv": [3, 4, 2, 5], "texture": "#1", "tintindex": 0}
			}
		},
		{
			"name": "Leg1-1",
			"from": [10, 0, 10],
			"to": [14, 8, 14],
			"rotation": {"angle": -22.5, "axis": "x", "origin": [12, 8, 12]},
			"faces": {
				"north": {"uv": [1, 5, 2, 7], "texture": "#1", "tintindex": 0},
				"east": {"uv": [0, 5, 1, 7], "texture": "#1", "tintindex": 0},
				"south": {"uv": [3, 5, 4, 7], "texture": "#1", "tintindex": 0},
				"west": {"uv": [2, 5, 3, 7], "texture": "#1", "tintindex": 0},
				"up": {"uv": [1, 4, 2, 5], "rotation": 180, "texture": "#1", "tintindex": 0},
				"down": {"uv": [2, 4, 3, 5], "texture": "#1", "tintindex": 0}
			}
		},
		{
			"name": "Leg0-2",
			"from": [10, 0, 10],
			"to": [14, 8, 14],
			"rotation": {"angle": 0, "axis": "x", "origin": [12, 8, 12]},
			"faces": {
				"north": {"uv": [1, 9, 2, 11], "texture": "#1", "tintindex": 0},
				"east": {"uv": [0, 9, 1, 11], "texture": "#1", "tintindex": 0},
				"south": {"uv": [3, 9, 4, 11], "texture": "#1", "tintindex": 0},
				"west": {"uv": [2, 9, 3, 11], "texture": "#1", "tintindex": 0},
				"up": {"uv": [1, 8, 2, 9], "rotation": 180, "texture": "#1", "tintindex": 0},
				"down": {"uv": [2, 8, 3, 9], "texture": "#1", "tintindex": 0}
			}
		},
		{
			"name": "Leg1-2",
			"from": [2, 0, 2],
			"to": [6, 8, 6],
			"rotation": {"angle": 0, "axis": "x", "origin": [4, 8, 4]},
			"faces": {
				"north": {"uv": [2, 9, 1, 11], "texture": "#1", "tintindex": 0},
				"east": {"uv": [3, 9, 2, 11], "texture": "#1", "tintindex": 0},
				"south": {"uv": [4, 9, 3, 11], "texture": "#1", "tintindex": 0},
				"west": {"uv": [1, 9, 0, 11], "texture": "#1", "tintindex": 0},
				"up": {"uv": [2, 8, 1, 9], "rotation": 180, "texture": "#1", "tintindex": 0},
				"down": {"uv": [3, 8, 2, 9], "texture": "#1", "tintindex": 0}
			}
		},
		{
			"name": "Leg0-3",
			"from": [2, 0, 2],
			"to": [6, 8, 6],
			"rotation": {"angle": 22.5, "axis": "x", "origin": [4, 8, 4]},
			"faces": {
				"north": {"uv": [2, 13, 1, 15], "texture": "#1", "tintindex": 0},
				"east": {"uv": [3, 13, 2, 15], "texture": "#1", "tintindex": 0},
				"south": {"uv": [4, 13, 3, 15], "texture": "#1", "tintindex": 0},
				"west": {"uv": [1, 13, 0, 15], "texture": "#1", "tintindex": 0},
				"up": {"uv": [2, 12, 1, 13], "rotation": 180, "texture": "#1", "tintindex": 0},
				"down": {"uv": [3, 12, 2, 13], "texture": "#1", "tintindex": 0}
			}
		},
		{
			"name": "Leg2-3",
			"from": [10, 0, 10],
			"to": [14, 8, 14],
			"rotation": {"angle": 22.5, "axis": "x", "origin": [12, 8, 12]},
			"faces": {
				"north": {"uv": [1, 13, 2, 15], "texture": "#1", "tintindex": 0},
				"east": {"uv": [0, 13, 1, 15], "texture": "#1", "tintindex": 0},
				"south": {"uv": [3, 13, 4, 15], "texture": "#1", "tintindex": 0},
				"west": {"uv": [2, 13, 3, 15], "texture": "#1", "tintindex": 0},
				"up": {"uv": [1, 12, 2, 13], "rotation": 180, "texture": "#1", "tintindex": 0},
				"down": {"uv": [2, 12, 3, 13], "texture": "#1", "tintindex": 0}
			}
		}
	],
	"display": {
		"ground": {
			"rotation": [0, -180, 0],
			"translation": [0, -9.5, -6]
		}
	},
	"groups": [
		0,
		1,
		{
			"name": "Hip",
			"origin": [8, 8, 8],
			"color": 0,
			"children": [
				2,
				3,
				{
					"name": "Legs",
					"origin": [8, 8, 8],
					"color": 0,
					"children": [
						{
							"name": "Legs0",
							"origin": [11, 0, 5],
							"color": 0,
							"children": [4, 5, 6, 7, 8, 9, 10, 11]
						},
						{
							"name": "Legs1",
							"origin": [11, 0, 5],
							"color": 0,
							"children": [12, 13, 14, 15, 16, 17, 18, 19]
						}
					]
				}
			]
		}
	]
}