{
	"blend": true,
	"conditions": {
		"worlds": [
			"minecraft:overworld"
		]
	},
	"properties": {
		"blend": {
			"type": "screen"
		},
		"fade": {
			"endFadeIn": 0,
			"endFadeOut": 12667,
			"startFadeIn": 23500,
			"startFadeOut": 11833
		},
		"rotation": {
			"axis": [
				0.0,
				-36.0,
				0.0
			],
			"static": [
				1,
				1,
				1
			]
		},
		"shouldRotate": true,
		"sunSkyTint": false
	},
	"schemaVersion": 2,
	"textures": {
		"bottom": "fabricskyboxes:sky/cloud1_bottom.png",
		"east": "fabricskyboxes:sky/cloud1_east.png",
		"north": "fabricskyboxes:sky/cloud1_north.png",
		"south": "fabricskyboxes:sky/cloud1_south.png",
		"top": "fabricskyboxes:sky/cloud1_top.png",
		"west": "fabricskyboxes:sky/cloud1_west.png"
	},
	"type": "square-textured"
}
