{
	"blend": true,
	"conditions": {
		"worlds": [
			"minecraft:overworld"
		]
	},
	"properties": {
		"blend": {
			"type": "burn"
		},
		"fade": {
			"endFadeIn": 13833,
			"endFadeOut": 22667,
			"startFadeIn": 13500,
			"startFadeOut": 22334
		},
		"rotation": {
			"axis": [
				0.0,
				-36.0,
				0.0
			],
			"static": [
				1,
				1,
				1
			]
		},
		"shouldRotate": true,
		"sunSkyTint": false
	},
	"schemaVersion": 2,
	"textures": {
		"bottom": "fabricskyboxes:sky/starfield02_bottom.png",
		"east": "fabricskyboxes:sky/starfield02_east.png",
		"north": "fabricskyboxes:sky/starfield02_north.png",
		"south": "fabricskyboxes:sky/starfield02_south.png",
		"top": "fabricskyboxes:sky/starfield02_top.png",
		"west": "fabricskyboxes:sky/starfield02_west.png"
	},
	"type": "square-textured"
}
