{
	"blend": true,
	"conditions": {
		"worlds": [
			"minecraft:overworld"
		]
	},
	"properties": {
		"blend": {
			"type": "add"
		},
		"fade": {
			"endFadeIn": 23000,
			"endFadeOut": 23833,
			"startFadeIn": 22667,
			"startFadeOut": 23500
		},
		"rotation": {
			"axis": [
				0.0,
				180.0,
				0.0
			],
			"static": [
				1,
				1,
				1
			]
		},
		"shouldRotate": true,
		"sunSkyTint": false
	},
	"schemaVersion": 2,
	"textures": {
		"bottom": "fabricskyboxes:sky/sky_sunflare_bottom.png",
		"east": "fabricskyboxes:sky/sky_sunflare_east.png",
		"north": "fabricskyboxes:sky/sky_sunflare_north.png",
		"south": "fabricskyboxes:sky/sky_sunflare_south.png",
		"top": "fabricskyboxes:sky/sky_sunflare_top.png",
		"west": "fabricskyboxes:sky/sky_sunflare_west.png"
	},
	"type": "square-textured"
}
