{
	"credit": "Made with Blockbench",
	"texture_size": [64, 64],
	"textures": {
		"0": "sanguine:entity/reaper/reaper",
		"1": "sanguine:entity/reaper/reaper_legs",
		"particle": "sanguine:entity/reaper/reaper_legs"
	},
	"elements": [
		{
			"name": "Head",
			"from": [3, 15, 3],
			"to": [13, 23, 13],
			"rotation": {"angle": 0, "axis": "y", "origin": [8, 15, 8]},
			"faces": {
				"north": {"uv": [2.5, 2.5, 5, 4.5], "texture": "#0", "tintindex": 0},
				"east": {"uv": [0, 2.5, 2.5, 4.5], "texture": "#0", "tintindex": 0},
				"south": {"uv": [7.5, 2.5, 10, 4.5], "texture": "#0", "tintindex": 0},
				"west": {"uv": [5, 2.5, 7.5, 4.5], "texture": "#0", "tintindex": 0},
				"up": {"uv": [5, 2.5, 2.5, 0], "texture": "#0", "tintindex": 0},
				"down": {"uv": [5, 0, 7.5, 2.5], "texture": "#0", "tintindex": 0}
			}
		},
		{
			"name": "Growths",
			"from": [1, 12, 8],
			"to": [15, 26, 8],
			"rotation": {"angle": 0, "axis": "y", "origin": [8, 15, 8]},
			"faces": {
				"north": {"uv": [12.25, 0.25, 15.75, 3.75], "texture": "#0", "tintindex": 0},
				"south": {"uv": [15.75, 0.25, 12.25, 3.75], "texture": "#0", "tintindex": 0}
			}
		},
		{
			"name": "Teeth",
			"from": [4, 13, 3],
			"to": [12, 15, 4],
			"rotation": {"angle": 0, "axis": "y", "origin": [8, 15, 8]},
			"faces": {
				"north": {"uv": [2.75, 4.5, 4.75, 5], "texture": "#0", "tintindex": 0},
				"east": {"uv": [2.75, 4.5, 3, 5], "texture": "#0", "tintindex": 0},
				"south": {"uv": [4.75, 4.5, 2.75, 5], "texture": "#0", "tintindex": 0},
				"west": {"uv": [4.5, 4.5, 4.75, 5], "texture": "#0", "tintindex": 0},
				"down": {"uv": [2.75, 4.75, 4.75, 5], "texture": "#0", "tintindex": 0}
			}
		},
		{
			"name": "Torso",
			"from": [4, 2, 6],
			"to": [12, 15, 10],
			"rotation": {"angle": 0, "axis": "y", "origin": [8, 8.5, 8]},
			"faces": {
				"north": {"uv": [1, 6, 3, 9.25], "texture": "#0", "tintindex": 0},
				"east": {"uv": [0, 6, 1, 9.25], "texture": "#0", "tintindex": 0},
				"south": {"uv": [4, 6, 6, 9.25], "texture": "#0", "tintindex": 0},
				"west": {"uv": [3, 6, 4, 9.25], "texture": "#0", "tintindex": 0},
				"up": {"uv": [3, 6, 1, 5], "texture": "#0", "tintindex": 0},
				"down": {"uv": [5, 5, 3, 6], "texture": "#0", "tintindex": 0}
			}
		},
		{
			"name": "Leg0",
			"from": [9, -4, 3],
			"to": [13, 4, 7],
			"rotation": {"angle": 22.5, "axis": "x", "origin": [11, 4, 6]},
			"faces": {
				"north": {"uv": [2, 2, 4, 6], "texture": "#1", "tintindex": 0},
				"east": {"uv": [0, 2, 2, 6], "texture": "#1", "tintindex": 0},
				"south": {"uv": [6, 2, 8, 6], "texture": "#1", "tintindex": 0},
				"west": {"uv": [4, 2, 6, 6], "texture": "#1", "tintindex": 0},
				"up": {"uv": [4, 2, 2, 0], "texture": "#1", "tintindex": 0},
				"down": {"uv": [4, 0, 6, 2], "texture": "#1", "tintindex": 0}
			}
		},
		{
			"name": "Leg1",
			"from": [3, -4, 3],
			"to": [7, 4, 7],
			"shade": false,
			"rotation": {"angle": -22.5, "axis": "x", "origin": [5, 4, 6]},
			"faces": {
				"north": {"uv": [4, 2, 2, 6], "texture": "#1", "tintindex": 0},
				"east": {"uv": [6, 2, 4, 6], "texture": "#1", "tintindex": 0},
				"south": {"uv": [8, 2, 6, 6], "texture": "#1", "tintindex": 0},
				"west": {"uv": [2, 2, 0, 6], "texture": "#1", "tintindex": 0},
				"up": {"uv": [2, 2, 4, 0], "texture": "#1", "tintindex": 0},
				"down": {"uv": [6, 0, 4, 2], "texture": "#1", "tintindex": 0}
			}
		},
		{
			"name": "Leg0",
			"from": [9, -4, 9],
			"to": [13, 4, 13],
			"shade": false,
			"rotation": {"angle": 22.5, "axis": "x", "origin": [11, 4, 10]},
			"faces": {
				"north": {"uv": [8, 2, 6, 6], "texture": "#1", "tintindex": 0},
				"east": {"uv": [2, 2, 0, 6], "texture": "#1", "tintindex": 0},
				"south": {"uv": [4, 2, 2, 6], "texture": "#1", "tintindex": 0},
				"west": {"uv": [6, 2, 4, 6], "texture": "#1", "tintindex": 0},
				"up": {"uv": [4, 0, 2, 2], "texture": "#1", "tintindex": 0},
				"down": {"uv": [4, 2, 6, 0], "texture": "#1", "tintindex": 0}
			}
		},
		{
			"name": "Leg1",
			"from": [3, -4, 9],
			"to": [7, 4, 13],
			"rotation": {"angle": -22.5, "axis": "x", "origin": [5, 4, 10]},
			"faces": {
				"north": {"uv": [6, 2, 8, 6], "texture": "#1", "tintindex": 0},
				"east": {"uv": [4, 2, 6, 6], "texture": "#1", "tintindex": 0},
				"south": {"uv": [2, 2, 4, 6], "texture": "#1", "tintindex": 0},
				"west": {"uv": [0, 2, 2, 6], "texture": "#1", "tintindex": 0},
				"up": {"uv": [2, 0, 4, 2], "texture": "#1", "tintindex": 0},
				"down": {"uv": [6, 2, 4, 0], "texture": "#1", "tintindex": 0}
			}
		},
		{
			"name": "Leg0",
			"from": [9, -4, 3],
			"to": [13, 4, 7],
			"rotation": {"angle": 0, "axis": "x", "origin": [11, 4, 6]},
			"faces": {
				"north": {"uv": [10, 2, 12, 6], "texture": "#1", "tintindex": 0},
				"east": {"uv": [8, 2, 10, 6], "texture": "#1", "tintindex": 0},
				"south": {"uv": [14, 2, 16, 6], "texture": "#1", "tintindex": 0},
				"west": {"uv": [12, 2, 14, 6], "texture": "#1", "tintindex": 0},
				"up": {"uv": [12, 2, 10, 0], "texture": "#1", "tintindex": 0},
				"down": {"uv": [12, 0, 14, 2], "texture": "#1", "tintindex": 0}
			}
		},
		{
			"name": "Leg1",
			"from": [3, -4, 3],
			"to": [7, 4, 7],
			"shade": false,
			"rotation": {"angle": 0, "axis": "x", "origin": [5, 4, 6]},
			"faces": {
				"north": {"uv": [12, 2, 10, 6], "texture": "#1", "tintindex": 0},
				"east": {"uv": [14, 2, 12, 6], "texture": "#1", "tintindex": 0},
				"south": {"uv": [16, 2, 14, 6], "texture": "#1", "tintindex": 0},
				"west": {"uv": [10, 2, 8, 6], "texture": "#1", "tintindex": 0},
				"up": {"uv": [10, 2, 12, 0], "texture": "#1", "tintindex": 0},
				"down": {"uv": [14, 0, 12, 2], "texture": "#1", "tintindex": 0}
			}
		},
		{
			"name": "Leg0",
			"from": [9, -4, 9],
			"to": [13, 4, 13],
			"shade": false,
			"rotation": {"angle": 0, "axis": "x", "origin": [11, 4, 10]},
			"faces": {
				"north": {"uv": [16, 2, 14, 6], "texture": "#1", "tintindex": 0},
				"east": {"uv": [10, 2, 8, 6], "texture": "#1", "tintindex": 0},
				"south": {"uv": [12, 2, 10, 6], "texture": "#1", "tintindex": 0},
				"west": {"uv": [14, 2, 12, 6], "texture": "#1", "tintindex": 0},
				"up": {"uv": [12, 0, 10, 2], "texture": "#1", "tintindex": 0},
				"down": {"uv": [12, 2, 14, 0], "texture": "#1", "tintindex": 0}
			}
		},
		{
			"name": "Leg1",
			"from": [3, -4, 9],
			"to": [7, 4, 13],
			"rotation": {"angle": 0, "axis": "x", "origin": [5, 4, 10]},
			"faces": {
				"north": {"uv": [14, 2, 16, 6], "texture": "#1", "tintindex": 0},
				"east": {"uv": [12, 2, 14, 6], "texture": "#1", "tintindex": 0},
				"south": {"uv": [10, 2, 12, 6], "texture": "#1", "tintindex": 0},
				"west": {"uv": [8, 2, 10, 6], "texture": "#1", "tintindex": 0},
				"up": {"uv": [10, 0, 12, 2], "texture": "#1", "tintindex": 0},
				"down": {"uv": [14, 2, 12, 0], "texture": "#1", "tintindex": 0}
			}
		},
		{
			"name": "Leg0",
			"from": [9, -4, 3],
			"to": [13, 4, 7],
			"rotation": {"angle": -22.5, "axis": "x", "origin": [11, 4, 6]},
			"faces": {
				"north": {"uv": [2, 8, 4, 12], "texture": "#1", "tintindex": 0},
				"east": {"uv": [0, 8, 2, 12], "texture": "#1", "tintindex": 0},
				"south": {"uv": [6, 8, 8, 12], "texture": "#1", "tintindex": 0},
				"west": {"uv": [4, 8, 6, 12], "texture": "#1", "tintindex": 0},
				"up": {"uv": [4, 8, 2, 6], "texture": "#1", "tintindex": 0},
				"down": {"uv": [4, 6, 6, 8], "texture": "#1", "tintindex": 0}
			}
		},
		{
			"name": "Leg1",
			"from": [3, -4, 3],
			"to": [7, 4, 7],
			"shade": false,
			"rotation": {"angle": 22.5, "axis": "x", "origin": [5, 4, 6]},
			"faces": {
				"north": {"uv": [4, 8, 2, 12], "texture": "#1", "tintindex": 0},
				"east": {"uv": [6, 8, 4, 12], "texture": "#1", "tintindex": 0},
				"south": {"uv": [8, 8, 6, 12], "texture": "#1", "tintindex": 0},
				"west": {"uv": [2, 8, 0, 12], "texture": "#1", "tintindex": 0},
				"up": {"uv": [2, 8, 4, 6], "texture": "#1", "tintindex": 0},
				"down": {"uv": [6, 6, 4, 8], "texture": "#1", "tintindex": 0}
			}
		},
		{
			"name": "Leg0",
			"from": [9, -4, 9],
			"to": [13, 4, 13],
			"shade": false,
			"rotation": {"angle": -22.5, "axis": "x", "origin": [11, 4, 10]},
			"faces": {
				"north": {"uv": [8, 8, 6, 12], "texture": "#1", "tintindex": 0},
				"east": {"uv": [2, 8, 0, 12], "texture": "#1", "tintindex": 0},
				"south": {"uv": [4, 8, 2, 12], "texture": "#1", "tintindex": 0},
				"west": {"uv": [6, 8, 4, 12], "texture": "#1", "tintindex": 0},
				"up": {"uv": [4, 6, 2, 8], "texture": "#1", "tintindex": 0},
				"down": {"uv": [4, 8, 6, 6], "texture": "#1", "tintindex": 0}
			}
		},
		{
			"name": "Leg1",
			"from": [3, -4, 9],
			"to": [7, 4, 13],
			"rotation": {"angle": 22.5, "axis": "x", "origin": [5, 4, 10]},
			"faces": {
				"north": {"uv": [6, 8, 8, 12], "texture": "#1", "tintindex": 0},
				"east": {"uv": [4, 8, 6, 12], "texture": "#1", "tintindex": 0},
				"south": {"uv": [2, 8, 4, 12], "texture": "#1", "tintindex": 0},
				"west": {"uv": [0, 8, 2, 12], "texture": "#1", "tintindex": 0},
				"up": {"uv": [2, 6, 4, 8], "texture": "#1", "tintindex": 0},
				"down": {"uv": [6, 8, 4, 6], "texture": "#1", "tintindex": 0}
			}
		}
	],
	"display": {
		"ground": {
			"rotation": [0, -180, 0],
			"translation": [0, -4.6, -6]
		}
	},
	"groups": [
		{
			"name": "All",
			"origin": [0, 0, 0],
			"color": 0,
			"children": [
				{
					"name": "Head",
					"origin": [0, 18, 0],
					"color": 0,
					"children": [0, 1, 2]
				},
				3,
				{
					"name": "Legs",
					"origin": [0, 0, 0],
					"color": 0,
					"children": [
						{
							"name": "Legs0",
							"origin": [0, 0, 0],
							"color": 0,
							"children": [
								{
									"name": "Front",
									"origin": [5, 8, 6],
									"color": 0,
									"children": [4, 5]
								},
								{
									"name": "Back",
									"origin": [5, 8, 6],
									"color": 0,
									"children": [6, 7]
								}
							]
						},
						{
							"name": "Legs1",
							"origin": [0, 0, 0],
							"color": 0,
							"children": [
								{
									"name": "Front",
									"origin": [5, 8, 6],
									"color": 0,
									"children": [8, 9]
								},
								{
									"name": "Back",
									"origin": [5, 8, 6],
									"color": 0,
									"children": [10, 11]
								}
							]
						},
						{
							"name": "Legs2",
							"origin": [0, 0, 0],
							"color": 0,
							"children": [
								{
									"name": "Front",
									"origin": [5, 8, 6],
									"color": 0,
									"children": [12, 13]
								},
								{
									"name": "Back",
									"origin": [5, 8, 6],
									"color": 0,
									"children": [14, 15]
								}
							]
						}
					]
				}
			]
		}
	]
}