{
    "parent": "item/generated",
    "textures": {
        "layer0": "item/potion_overlay",
        "layer1": "item/potion"
    },
  "overrides": [
	{ "predicate": { "custom_model_data": 8361000 }, "model": "sanguine:entity/unborn/idle" },
	{ "predicate": { "custom_model_data": 8361001 }, "model": "sanguine:entity/unborn/walk" },
	{ "predicate": { "custom_model_data": 8361002 }, "model": "sanguine:entity/unborn/bite/0" },
	{ "predicate": { "custom_model_data": 8361003 }, "model": "sanguine:entity/unborn/bite/1" },
	{ "predicate": { "custom_model_data": 8361004 }, "model": "sanguine:entity/offal/offal" },
	{ "predicate": { "custom_model_data": 8361005 }, "model": "sanguine:entity/offal/offal_unhinged" },
	{ "predicate": { "custom_model_data": 8361006 }, "model": "sanguine:entity/reaper/idle" },
	{ "predicate": { "custom_model_data": 8361007 }, "model": "sanguine:entity/reaper/walking" },
	{ "predicate": { "custom_model_data": 8361008 }, "model": "sanguine:entity/reaper/fuse/1" },
	{ "predicate": { "custom_model_data": 8361009 }, "model": "sanguine:entity/reaper/fuse/2" },
	{ "predicate": { "custom_model_data": 8361010 }, "model": "sanguine:entity/reaper/fuse/3" },
	{ "predicate": { "custom_model_data": 8361011 }, "model": "sanguine:entity/reaper/fuse/4" },
	{ "predicate": { "custom_model_data": 8361012 }, "model": "sanguine:entity/reaper/fuse/5" },
	{ "predicate": { "custom_model_data": 8361013 }, "model": "sanguine:entity/reaper/fuse/6" },
	{ "predicate": { "custom_model_data": 8361014 }, "model": "sanguine:entity/reaper/fuse/7" },
	{ "predicate": { "custom_model_data": 8361015 }, "model": "sanguine:entity/reaper/fuse/8" },
	{ "predicate": { "custom_model_data": 8361016 }, "model": "sanguine:entity/reaper/fuse/9" },
	{ "predicate": { "custom_model_data": 8361017 }, "model": "sanguine:entity/reaper/fuse/10" },
	{ "predicate": { "custom_model_data": 8361018 }, "model": "sanguine:entity/reaper/fuse/11" },
	{ "predicate": { "custom_model_data": 8361019 }, "model": "sanguine:entity/reaper/fuse/12" },
	{ "predicate": { "custom_model_data": 8361020 }, "model": "sanguine:entity/reaper/fuse/13" },
	{ "predicate": { "custom_model_data": 8361021 }, "model": "sanguine:entity/reaper/fuse/14" },
	{ "predicate": { "custom_model_data": 8361022 }, "model": "sanguine:entity/reaper/fuse/15" },
	{ "predicate": { "custom_model_data": 8361023 }, "model": "sanguine:entity/reaper/fuse/16" },
	{ "predicate": { "custom_model_data": 8361024 }, "model": "sanguine:entity/reaper/fuse/17" },
	{ "predicate": { "custom_model_data": 8361025 }, "model": "sanguine:entity/carrion/idle" },
	{ "predicate": { "custom_model_data": 8361026 }, "model": "sanguine:entity/carrion/walk" },
	{ "predicate": { "custom_model_data": 8361027 }, "model": "sanguine:entity/carrion/open" },
	{ "predicate": { "custom_model_data": 8361028 }, "model": "sanguine:entity/gurgle/idle" },
	{ "predicate": { "custom_model_data": 8361029 }, "model": "sanguine:entity/gurgle/walk" },
	{ "predicate": { "custom_model_data": 8361030 }, "model": "sanguine:entity/gurgle/charging" },
	{ "predicate": { "custom_model_data": 8361031 }, "model": "sanguine:entity/butcher/idle" },
	{ "predicate": { "custom_model_data": 8361032 }, "model": "sanguine:entity/butcher/walk" },
	{ "predicate": { "custom_model_data": 8361033 }, "model": "sanguine:entity/butcher/charge_sprint" },
	{ "predicate": { "custom_model_data": 8361034 }, "model": "sanguine:entity/butcher/charging/charging0" },
	{ "predicate": { "custom_model_data": 8361035 }, "model": "sanguine:entity/butcher/charging/charging1" },
	{ "predicate": { "custom_model_data": 8361036 }, "model": "sanguine:entity/butcher/charging/charging2" },
	{ "predicate": { "custom_model_data": 8361037 }, "model": "sanguine:entity/butcher/charging/charging3" },
	{ "predicate": { "custom_model_data": 8361038 }, "model": "sanguine:entity/butcher/gore/gore0" },
	{ "predicate": { "custom_model_data": 8361039 }, "model": "sanguine:entity/butcher/gore/gore1" },
	{ "predicate": { "custom_model_data": 8361040 }, "model": "sanguine:entity/butcher/unhorned/idle" },
	{ "predicate": { "custom_model_data": 8361041 }, "model": "sanguine:entity/butcher/unhorned/walk" },
	{ "predicate": { "custom_model_data": 8361042 }, "model": "sanguine:entity/butcher/unhorned/charge_sprint" },
	{ "predicate": { "custom_model_data": 8361043 }, "model": "sanguine:entity/butcher/unhorned/charging/charging0" },
	{ "predicate": { "custom_model_data": 8361044 }, "model": "sanguine:entity/butcher/unhorned/charging/charging1" },
	{ "predicate": { "custom_model_data": 8361045 }, "model": "sanguine:entity/butcher/unhorned/charging/charging2" },
	{ "predicate": { "custom_model_data": 8361046 }, "model": "sanguine:entity/butcher/unhorned/charging/charging3" },
	{ "predicate": { "custom_model_data": 8361047 }, "model": "sanguine:entity/butcher/unhorned/gore/gore0" },
	{ "predicate": { "custom_model_data": 8361048 }, "model": "sanguine:entity/butcher/unhorned/gore/gore1" },
	{ "predicate": { "custom_model_data": 8361049 }, "model": "sanguine:block/effigy/effigy" },
	{ "predicate": { "custom_model_data": 8361050 }, "model": "sanguine:block/effigy/animate/0" },
	{ "predicate": { "custom_model_data": 8361051 }, "model": "sanguine:block/effigy/animate/1" }
  ]
}
