{
    "parent": "item/generated",
    "textures": {
        "layer0": "item/potion_overlay",
        "layer1": "item/potion"
    },
  "overrides": [
	{ "predicate": { "custom_model_data": 8360000 }, "model": "manic:entity/spook/idle" },
	{ "predicate": { "custom_model_data": 8360001 }, "model": "manic:entity/spook/sprint" },
	{ "predicate": { "custom_model_data": 8360002 }, "model": "manic:entity/revenant/idle" },
	{ "predicate": { "custom_model_data": 8360003 }, "model": "manic:entity/revenant/chase" },
	{ "predicate": { "custom_model_data": 8360004 }, "model": "manic:entity/mirage/idle" },
	{ "predicate": { "custom_model_data": 8360005 }, "model": "manic:entity/mirage/primed" },
	{ "predicate": { "custom_model_data": 8360006 }, "model": "manic:block/corpsebloom/corpsebloom" },
	{ "predicate": { "custom_model_data": 8360007 }, "model": "manic:block/corpsebloom/sappy_corpsebloom" },
	{ "predicate": { "custom_model_data": 8360008 }, "model": "manic:block/corpsebloom/snare" },
	{ "predicate": { "custom_model_data": 8360009 }, "model": "manic:block/corpsebloom/stage_0" },
	{ "predicate": { "custom_model_data": 8360010 }, "model": "manic:block/corpsebloom/stage_1" },
	{ "predicate": { "custom_model_data": 8360011 }, "model": "manic:block/corpsebloom/wilted_corpsebloom" },
	{ "predicate": { "custom_model_data": 8360012 }, "model": "manic:item/corpse_sap" },
	{ "predicate": { "custom_model_data": 8360013 }, "model": "manic:block/corpsepitcher/closed" },
	{ "predicate": { "custom_model_data": 8360014 }, "model": "manic:block/corpsepitcher/open" },
	{ "predicate": { "custom_model_data": 8360015 }, "model": "manic:block/corpsepitcher/lava" },
	{ "predicate": { "custom_model_data": 8360016 }, "model": "manic:block/corpsepitcher/anirrum" },
	{ "predicate": { "custom_model_data": 8360017 }, "model": "manic:block/corpsepitcher/milk" },
	{ "predicate": { "custom_model_data": 8360018 }, "model": "manic:block/corpsepitcher/honey" },
	{ "predicate": { "custom_model_data": 8360019 }, "model": "manic:block/corpsepitcher/fermented_spider_eye" },
	{ "predicate": { "custom_model_data": 8360020 }, "model": "manic:block/corpsepitcher/sweet_berry_wine" },
	{ "predicate": { "custom_model_data": 8360021 }, "model": "manic:block/corpsepitcher/glow_berry_cider" },
	{ "predicate": { "custom_model_data": 8360022 }, "model": "manic:block/corpsepitcher/chorus_gin" },
	{ "predicate": { "custom_model_data": 8360023 }, "model": "manic:block/corpsepitcher/dense_cheese" },
	{ "predicate": { "custom_model_data": 8360024 }, "model": "manic:block/corpsepitcher/strong_cheese" },
	{ "predicate": { "custom_model_data": 8360025 }, "model": "manic:block/corpsepitcher/bleeding_cheese" },
	{ "predicate": { "custom_model_data": 8360026 }, "model": "manic:block/corpsepitcher/twisted_cheese" },
	{ "predicate": { "custom_model_data": 8360027 }, "model": "manic:block/podium/podium" },
	{ "predicate": { "custom_model_data": 8360028 }, "model": "manic:block/corpsegourd/corpsegourd" },
	{ "predicate": { "custom_model_data": 8360029 }, "model": "manic:block/corpsegourd/satisfied" },
	{ "predicate": { "custom_model_data": 8360030 }, "model": "manic:block/corpsegourd/satisfied_sheared" },
	{ "predicate": { "custom_model_data": 8360031 }, "model": "manic:block/corpsegourd/sheared" },
	{ "predicate": { "custom_model_data": 8360032 }, "model": "manic:block/corpsegourd/stage_0" },
	{ "predicate": { "custom_model_data": 8360033 }, "model": "manic:block/corpsegourd/stage_1" },
	{ "predicate": { "custom_model_data": 8360034 }, "model": "manic:block/corpsegourd/stage_2" },
	{ "predicate": { "custom_model_data": 8360035 }, "model": "manic:block/altar/off" },
	{ "predicate": { "custom_model_data": 8360036 }, "model": "manic:block/altar/1_charge" },
	{ "predicate": { "custom_model_data": 8360037 }, "model": "manic:block/altar/2_charges" },
	{ "predicate": { "custom_model_data": 8360038 }, "model": "manic:block/altar/3_charges" },
	{ "predicate": { "custom_model_data": 8360039 }, "model": "manic:entity/insomniac/head" },
	{ "predicate": { "custom_model_data": 8360040 }, "model": "manic:entity/insomniac/idle" },
	{ "predicate": { "custom_model_data": 8360041 }, "model": "manic:entity/insomniac/walking" },
	{ "predicate": { "custom_model_data": 8360042 }, "model": "manic:entity/monk/head" },
	{ "predicate": { "custom_model_data": 8360043 }, "model": "manic:entity/monk/idle" },
	{ "predicate": { "custom_model_data": 8360044 }, "model": "manic:entity/monk/walking" },
	{ "predicate": { "custom_model_data": 8360045 }, "model": "manic:entity/monk/items/membrane" },
	{ "predicate": { "custom_model_data": 8360046 }, "model": "manic:entity/monk/items/necroplasm" },
	{ "predicate": { "custom_model_data": 8360047 }, "model": "manic:entity/monk/items/reticulum" },
	{ "predicate": { "custom_model_data": 8360048 }, "model": "manic:entity/monk/items/sunstone" },
	{ "predicate": { "custom_model_data": 8360049 }, "model": "manic:entity/monk/items/vacuuole" },
	{ "predicate": { "custom_model_data": 8360050 }, "model": "manic:entity/monk/items/lysosome" },
	{ "predicate": { "custom_model_data": 8360051 }, "model": "manic:item/ichor" },
	{ "predicate": { "custom_model_data": 8360052 }, "model": "manic:block/sanity_ray/sanity" },
	{ "predicate": { "custom_model_data": 8360053 }, "model": "manic:block/sanity_ray/insanity" },
	{ "predicate": { "custom_model_data": 8360054 }, "model": "manic:entity/necromancer/head" },
	{ "predicate": { "custom_model_data": 8360055 }, "model": "manic:entity/necromancer/idle" },
	{ "predicate": { "custom_model_data": 8360056 }, "model": "manic:entity/necromancer/walking" },
	{ "predicate": { "custom_model_data": 8360057 }, "model": "manic:entity/necromancer/cast" },
	{ "predicate": { "custom_model_data": 8360058 }, "model": "manic:entity/wormhole/small" },
	{ "predicate": { "custom_model_data": 8360059 }, "model": "manic:entity/wormhole/large" },
	{ "predicate": { "custom_model_data": 8360060 }, "model": "manic:item/sweet_berry_wine" },
	{ "predicate": { "custom_model_data": 8360061 }, "model": "manic:item/glow_berry_cider" },
	{ "predicate": { "custom_model_data": 8360062 }, "model": "manic:item/chorus_gin" },
	{ "predicate": { "custom_model_data": 8360063 }, "model": "manic:item/cactus_tequila" },
	{ "predicate": { "custom_model_data": 8360064 }, "model": "manic:item/wheat_beer" },
	{ "predicate": { "custom_model_data": 8360065 }, "model": "manic:entity/eidolon/idle" },
	{ "predicate": { "custom_model_data": 8360066 }, "model": "manic:entity/eidolon/walking" },
	{ "predicate": { "custom_model_data": 8360067 }, "model": "manic:entity/eidolon/charge" },
	{ "predicate": { "custom_model_data": 8360068 }, "model": "manic:entity/corpsecreep/walking" },
	{ "predicate": { "custom_model_data": 8360069 }, "model": "manic:entity/corpsecreep/ignited" },
	{ "predicate": { "custom_model_data": 8360070 }, "model": "manic:entity/tumors/spook" },
	{ "predicate": { "custom_model_data": 8360071 }, "model": "manic:entity/vessel/idle" },
	{ "predicate": { "custom_model_data": 8360072 }, "model": "manic:entity/vessel/walk" },
	{ "predicate": { "custom_model_data": 8360073 }, "model": "manic:entity/vessel/idle_pearl" },
	{ "predicate": { "custom_model_data": 8360074 }, "model": "manic:entity/vessel/walk_pearl" },
	{ "predicate": { "custom_model_data": 8360075 }, "model": "manic:entity/executioner/executioner" },
	{ "predicate": { "custom_model_data": 8360076 }, "model": "manic:block/mad_fire" },
	{ "predicate": { "custom_model_data": 8360077 }, "model": "manic:entity/chitter/chitter" },
	{ "predicate": { "custom_model_data": 8360078 }, "model": "manic:entity/chitter/eyes" },
	{ "predicate": { "custom_model_data": 8360079 }, "model": "manic:block/corpsepitcher/wheat_beer" },
	{ "predicate": { "custom_model_data": 8360080 }, "model": "manic:block/corpsepitcher/cactus_tequila" },
	{ "predicate": { "custom_model_data": 8360081 }, "model": "manic:block/corpsethorn/corpsethorn" },
	{ "predicate": { "custom_model_data": 8360082 }, "model": "manic:block/corpsethorn/blooming" },
	{ "predicate": { "custom_model_data": 8360083 }, "model": "manic:block/corpsethorn/satisfied" },
	{ "predicate": { "custom_model_data": 8360084 }, "model": "manic:block/corpsethorn/satisfied_blooming" },
	{ "predicate": { "custom_model_data": 8360085 }, "model": "manic:block/sanity_ray/sanity_down" },
	{ "predicate": { "custom_model_data": 8360086 }, "model": "manic:block/sanity_ray/sanity_up" },
	{ "predicate": { "custom_model_data": 8360087 }, "model": "manic:entity/traitor/head" },
	{ "predicate": { "custom_model_data": 8360088 }, "model": "manic:entity/traitor/idle" },
	{ "predicate": { "custom_model_data": 8360089 }, "model": "manic:entity/traitor/walking" },
	{ "predicate": { "custom_model_data": 8360090 }, "model": "manic:block/brazier/off" },
	{ "predicate": { "custom_model_data": 8360091 }, "model": "manic:block/brazier/on" },
	{ "predicate": { "custom_model_data": 8360092 }, "model": "manic:entity/corpsecreep/idle" }
  ]
}
